Scenario,GenerateVisualDebuggerData,GenerateNewSpecies,GenerateNewLandscape,lnd.lbl,loc.extraction,timestep.extraction,N.sim.dispersal.table,ignore.rtd,RunSimulation,RunMatrixDiagnostics,Write.Timefile
1,1,0,0,scn1,1,1,1000000,NA,1,1,1
2,1,0,0,scn1,1,1,1000000,NA,1,1,1
3,1,0,0,scn1,1,1,1000000,NA,1,1,1
4,1,0,0,scn1,1,1,1000000,NA,1,1,1
5,1,0,0,scn1,1,1,1000000,NA,1,1,1
6,1,0,0,scn1,1,1,1000000,NA,1,1,1
7,1,0,0,scn1,1,1,1000000,NA,1,1,1
8,1,0,0,scn1,1,1,1000000,NA,1,1,1
9,1,0,0,scn1,1,1,1000000,NA,1,1,1
10,1,0,0,scn1,1,1,1000000,NA,1,1,1
